,adaptive_lr_loss,adaptive_lr_val_loss,constant_lr_loss,constant_lr_val_loss
0,0.4821298693886322,0.4804595337314668,0.4770848373095573,0.4442251734788033
1,0.4809721228372615,0.4584290572422364,0.4751922118303735,0.4651006142136324
2,0.4748760277946738,0.44019111836326064,0.4787635814536829,0.4427514111528972
3,0.4803103895414245,0.4445625970647541,0.4742167629616698,0.4494226368663751
4,0.4834711131791689,0.4604929353148474,0.483593741307465,0.4501400597429975
5,0.4812276828441554,0.44214234210149694,0.4774099548950834,0.4626342618640446
6,0.4733441671082951,0.5007152768566013,0.4701990468730578,0.4569265619868361
7,0.4793672778635919,0.5095246032731179,0.4797670782875083,0.4552822812054713
8,0.4778345018939889,0.4541852277799298,0.4770179986787044,0.4434919517153045
