,adaptive_lr_loss,adaptive_lr_val_loss,constant_lr_loss,constant_lr_val_loss
0,0.35337206766494444,0.3709370551560767,0.35542023231534137,0.37791363662649774
