,adaptive_lr_loss,adaptive_lr_val_loss,constant_lr_loss,constant_lr_val_loss
0,0.4827924847127774,0.4568833225897436,0.4777719541578821,0.4410439704701329
1,0.4752376528750731,0.4455834981959562,0.4718463943945248,0.4482424290009074
2,0.4772483902878339,0.4673935288803418,0.4711420117646074,0.4573884627850176
3,0.4785113346324154,0.4654009447012212,0.4762660559762452,0.4661844884396377
