,adaptive_lr,constant_lr,threshold
0,528,169,0.4354557720716393
1,239,310,0.4376090999431361
2,600,432,0.43432337083590944
3,600,28,0.43790343919158176
4,47,148,0.4432013727323461
5,23,367,0.4481831499550121
6,600,120,0.434995383636792
