,adaptive_lr_loss,adaptive_lr_val_loss,constant_lr_loss,constant_lr_val_loss
0,0.3496377563625419,0.3739963832183915,0.3668265478632612,0.3901872522541157
1,1.0034125657798951,1.0009630793030224,0.36390023362996304,0.3798401663016876
2,0.34899395822557205,0.3724598785413703,0.3574354453304467,0.3815423982001186
3,0.34380517073526096,0.3672331544913472,0.3633063146834815,0.3804797822978068
4,0.3479273752257465,0.3667447149794912,0.3660720872439547,0.3847303407763161
5,0.3507908547954182,0.3672344922316597,0.35650151156379684,0.3751519862578567
6,0.3435338273239079,0.3639434750238861,0.3678075688518279,0.3869450262127415
